{"0.17203324479943083":{"user_id":1},"0.427599391209013":{"user_id":3},"0.34506989202119653":{"user_id":1},"0.17446823733096162":{"user_id":4},"0.43553828597402044":{"user_id":3},"0.9423298535698303":{"user_id":3}}