{"0.11862740152215845":{"user_id":2},"0.6818550432990436":{"user_id":2},"0.17203324479943083":{"user_id":1},"0.020879236691581315":{"user_id":2},"0.525236311679758":{"user_id":2},"0.21205092467631248":{"user_id":2},"0.8365100617639398":{"user_id":2},"0.3199408398633252":{"user_id":2},"0.5721389910434942":{"user_id":2},"0.427599391209013":{"user_id":3},"0.34506989202119653":{"user_id":1},"0.17446823733096162":{"user_id":4}}